WKT,nombre,descripción
"POINT (-72.2435638 -40.3834226)",Cam 1,No data yet.
"POINT (-72.223828 -40.3710475)",Cam2,No data yet.
"POINT (-72.2497489 -40.3655544)",Cam 3,Huemul: 2
Gato ColoColo: 1
Rana: 1
"POLYGON ((-72.2572577 -40.3875087, -72.2353708 -40.3893392, -72.2170889 -40.3718168, -72.225157 -40.3561866, -72.2645533 -40.3591298, -72.2686731 -40.3709013, -72.2572577 -40.3875087))",Área de Observación,Terreno en estudio.
